CREATE TABLE `ci_sessions` (  `id` varchar(128) NOT NULL,  `ip_address` varchar(45) NOT NULL,  `timestamp` int(10) UNSIGNED NOT NULL DEFAULT '0',  `data` blob NOT NULL) ENGINE=InnoDB DEFAULT CHARSET=latin1;CREATE TABLE `mst_group_menu` (  `menu_group_id` int(11) NOT NULL,  `menu_group_name` varchar(255) NOT NULL,  `menu_group_order` int(11) NOT NULL,  `menu_is_active` tinyint(2) NOT NULL DEFAULT '1',  `menu_group_icon` varchar(255) DEFAULT NULL,  `menu_group_role_id` int(11) DEFAULT NULL) ENGINE=InnoDB DEFAULT CHARSET=latin1;INSERT INTO `mst_group_menu` (`menu_group_id`, `menu_group_name`, `menu_group_order`, `menu_is_active`, `menu_group_icon`, `menu_group_role_id`) VALUES(1, 'Product', 1, 1, 'fa fa-cubes', 1),(2, 'Manage User', 2, 1, 'fa fa-user', 1),(3, 'User Previliges', 1, 1, 'fa fa-users', 1),(4, 'Manage System', 4, 1, 'fa fa-reorder', 1);CREATE TABLE `mst_menu` (  `menu_id` int(11) NOT NULL,  `menu_name` varchar(255) DEFAULT NULL,  `menu_active_page` varchar(100) DEFAULT NULL,  `menu_group_id` int(11) DEFAULT NULL,  `menu_controller_name` varchar(255) DEFAULT NULL,  `menu_base_url` varchar(255) DEFAULT NULL,  `menu_type_id` int(11) DEFAULT NULL,  `menu_is_active` tinyint(2) NOT NULL DEFAULT '1') ENGINE=InnoDB DEFAULT CHARSET=latin1;INSERT INTO `mst_menu` (`menu_id`, `menu_name`, `menu_active_page`, `menu_group_id`, `menu_controller_name`, `menu_base_url`, `menu_type_id`, `menu_is_active`) VALUES(1, 'List Data Product', NULL, 1, 'Product_manage.php', 'manage/product', 2, 1),(2, 'Add Product', NULL, 1, 'Product_manage.php', 'manage/product/create', 1, 1),(3, 'List Data User', NULL, 2, 'User_manage.php', 'user', 2, 1),(4, 'Create User', NULL, 2, 'User_manage.php', 'manage/user/create', 1, 1),(5, 'List Previliges', 'active', 3, 'User_manage.php', 'manage/user/previliges', 2, 1),(6, 'Create Previliges', NULL, 3, 'User_manage.php', 'manage/user/create_prev', 1, 1),(7, 'Master Menu', 'list-menu', 4, 'Menu_manage.php', 'manage/menu', 2, 1),(8, 'test', NULL, 4, 'test.php', 'manage/test', NULL, 0),(9, 'Change Log', NULL, 4, 'Change_log.php', 'change_log', NULL, 1),(10, 'Category', NULL, 1, 'Category_manage.php', 'manage/category', NULL, 1);CREATE TABLE `mst_role_detail` (  `role_detail_id` int(20) UNSIGNED NOT NULL,  `role_group_id` int(20) NOT NULL,  `role_menu_id` int(20) NOT NULL,  `role_id` int(11) NOT NULL,  `role_show_menu` tinyint(2) NOT NULL DEFAULT '1') ENGINE=InnoDB DEFAULT CHARSET=latin1;INSERT INTO `mst_role_detail` (`role_detail_id`, `role_group_id`, `role_menu_id`, `role_id`, `role_show_menu`) VALUES(15, 1, 1, 29, 1),(16, 1, 2, 29, 0),(17, 2, 4, 29, 1),(18, 3, 5, 29, 1),(19, 4, 8, 29, 0),(25, 3, 5, 1, 1),(26, 4, 8, 1, 0),(27, 1, 2, 1, 1),(28, 2, 3, 1, 1),(29, 2, 4, 1, 1),(30, 3, 6, 1, 1),(31, 4, 7, 1, 1),(43, 3, 6, 27, 1),(44, 4, 9, 1, 1),(45, 3, 5, 27, 1),(46, 1, 1, 1, 1),(47, 1, 10, 1, 1);CREATE TABLE `mst_user` (  `User_Id` bigint(20) UNSIGNED NOT NULL,  `User_Full_Name` varchar(255) NOT NULL,  `User_Name` varchar(50) NOT NULL,  `User_Email` varchar(50) NOT NULL,  `User_Password` varchar(50) NOT NULL,  `User_Role_ID` bigint(20) NOT NULL,  `User_Photo` varchar(255) DEFAULT NULL,  `User_Ip_Address` varchar(30) DEFAULT NULL,  `User_Is_Active` tinyint(4) NOT NULL DEFAULT '1',  `User_Login_Status` tinyint(4) NOT NULL DEFAULT '0',  `User_Login_Browser` varchar(50) DEFAULT NULL,  `User_Created_Date` datetime NOT NULL,  `User_Updated_Date` datetime DEFAULT NULL,  `User_Created_By` bigint(20) DEFAULT NULL,  `User_Updated_By` int(11) NOT NULL DEFAULT '0',  `User_Deleted_By` bigint(20) DEFAULT NULL,  `User_Deleted_Date` datetime DEFAULT NULL,  `User_Unique_Code` varchar(20) DEFAULT NULL,  `User_Forgotpass_Time` datetime DEFAULT NULL,  `User_Login_Time` datetime DEFAULT NULL,  `User_Logout_Time` datetime DEFAULT NULL) ENGINE=InnoDB DEFAULT CHARSET=latin1;INSERT INTO `mst_user` (`User_Id`, `User_Full_Name`, `User_Name`, `User_Email`, `User_Password`, `User_Role_ID`, `User_Photo`, `User_Ip_Address`, `User_Is_Active`, `User_Login_Status`, `User_Login_Browser`, `User_Created_Date`, `User_Updated_Date`, `User_Created_By`, `User_Updated_By`, `User_Deleted_By`, `User_Deleted_Date`, `User_Unique_Code`, `User_Forgotpass_Time`, `User_Login_Time`, `User_Logout_Time`) VALUES(1, 'SYSTEM APPLICATION', 'root', 'SYSTEM@ADMINISTRATOR.com', '7110eda4d09e062aa5e4a390b0a572ac0d2c0220', 1, NULL, '192.168.25.133', 1, 1, 'Chrome', '2018-11-11 15:14:13', NULL, 1, 0, NULL, NULL, NULL, NULL, '2018-12-14 10:03:16', '2018-12-07 21:54:27');CREATE TABLE `mst_user_detail` (  `user_detail_id` int(11) NOT NULL,  `user_role_id` int(11) NOT NULL,  `user_id` int(11) NOT NULL,  `user_group_menu_id` int(11) NOT NULL,  `user_menu_id` int(11) NOT NULL) ENGINE=InnoDB DEFAULT CHARSET=latin1;INSERT INTO `mst_user_detail` (`user_detail_id`, `user_role_id`, `user_id`, `user_group_menu_id`, `user_menu_id`) VALUES(1, 1, 1, 1, 1),(2, 1, 1, 2, 2);CREATE TABLE `mst_user_role` (  `Role_Id` bigint(20) NOT NULL,  `Role_Name` varchar(255) NOT NULL,  `Role_Description` text NOT NULL,  `Role_CreatedDate` datetime NOT NULL DEFAULT CURRENT_TIMESTAMP,  `Role_UpdatedDate` datetime DEFAULT NULL,  `Role_IsActive` tinyint(4) NOT NULL DEFAULT '1') ENGINE=InnoDB DEFAULT CHARSET=latin1;INSERT INTO `mst_user_role` (`Role_Id`, `Role_Name`, `Role_Description`, `Role_CreatedDate`, `Role_UpdatedDate`, `Role_IsActive`) VALUES(1, 'SYSTEM APPLICATION', 'user yang memiliki akses penuh pada aplikasi', '2018-11-14 21:20:47', '2018-12-08 13:47:16', 1),(2, 'ADMINISTRATOR', 'user yang memiliki akses menambah hak akses user baru dan lain lain', '2018-11-14 21:20:47', NULL, 1),(27, 'tes', '', '2018-11-21 22:51:47', '2018-12-08 09:46:58', 1),(29, 'test prev', '', '2018-11-21 22:56:09', '2018-12-08 09:42:54', 1);CREATE TABLE `tbl_change_log` (  `log_id` int(11) NOT NULL,  `log_curr_version` varchar(255) NOT NULL,  `log_title` varchar(255) DEFAULT NULL,  `log_description` text NOT NULL,  `log_date` date NOT NULL,  `log_author` varchar(255) DEFAULT NULL) ENGINE=InnoDB DEFAULT CHARSET=utf8;INSERT INTO `tbl_change_log` (`log_id`, `log_curr_version`, `log_title`, `log_description`, `log_date`, `log_author`) VALUES(1, '1.1', 'Reales System', 'Release version 1.1 <br>\r\nCMS E-COMMERCE LAPAKMUSLIM.COM\r\n', '2018-12-06', 'Didi Triawan');CREATE TABLE `tbl_menu_type` (  `id` int(11) NOT NULL,  `type` varchar(50) NOT NULL) ENGINE=InnoDB DEFAULT CHARSET=latin1;INSERT INTO `tbl_menu_type` (`id`, `type`) VALUES(1, 'CREATE'),(2, 'READ'),(3, 'UPDATE'),(4, 'DELETE'),(5, 'EXPORT'),(6, 'IMPORT');CREATE TABLE `tbl_role_menu` (  `menu_role_id` int(11) NOT NULL,  `menu_group_id` int(11) NOT NULL,  `menu_id` int(11) NOT NULL,  `menu_user_role_id` int(11) NOT NULL) ENGINE=InnoDB DEFAULT CHARSET=latin1;INSERT INTO `tbl_role_menu` (`menu_role_id`, `menu_group_id`, `menu_id`, `menu_user_role_id`) VALUES(1, 1, 1, 1),(2, 2, 3, 1);CREATE TABLE `setting` (  `id` int(122) unsigned NOT NULL AUTO_INCREMENT,  `keys` varchar(255) DEFAULT NULL,  `value` varchar(255) DEFAULT NULL,  PRIMARY KEY (`id`)) ENGINE=InnoDB AUTO_INCREMENT=18 DEFAULT CHARSET=latin1;INSERT INTO setting VALUES("1","website","Expense Management"),("2","logo","logo.png"),("3","favicon","favicon.ico"),("4","SMTP_EMAIL",""),("5","HOST",""),("6","PORT",""),("7","SMTP_SECURE",""),("8","SMTP_PASSWORD",""),("9","mail_setting","simple_mail"),("10","company_name","Company Name"),("11","crud_list","users,Expenses,Income,Expense Category,Income Category,User"),("12","EMAIL",""),("13","UserModules","yes"),("14","register_allowed","1"),("15","email_invitation","1"),("16","admin_approval","0"),("17","user_type","[\"user\"]");ALTER TABLE `mst_group_menu`  ADD PRIMARY KEY (`menu_group_id`);ALTER TABLE `mst_menu`  ADD PRIMARY KEY (`menu_id`);ALTER TABLE `mst_role_detail`  ADD PRIMARY KEY (`role_detail_id`);ALTER TABLE `mst_user`  ADD PRIMARY KEY (`User_Id`);ALTER TABLE `mst_user_detail`  ADD PRIMARY KEY (`user_detail_id`);ALTER TABLE `mst_user_role`  ADD PRIMARY KEY (`Role_Id`);ALTER TABLE `tbl_change_log`  ADD PRIMARY KEY (`log_id`);ALTER TABLE `tbl_menu_type`  ADD PRIMARY KEY (`id`);ALTER TABLE `tbl_role_menu`  ADD PRIMARY KEY (`menu_role_id`);ALTER TABLE `mst_group_menu`  MODIFY `menu_group_id` int(11) NOT NULL AUTO_INCREMENT, AUTO_INCREMENT=5;ALTER TABLE `mst_menu`  MODIFY `menu_id` int(11) NOT NULL AUTO_INCREMENT, AUTO_INCREMENT=11;ALTER TABLE `mst_role_detail`  MODIFY `role_detail_id` int(20) UNSIGNED NOT NULL AUTO_INCREMENT, AUTO_INCREMENT=48;ALTER TABLE `mst_user`  MODIFY `User_Id` bigint(20) UNSIGNED NOT NULL AUTO_INCREMENT, AUTO_INCREMENT=3;ALTER TABLE `mst_user_detail`  MODIFY `user_detail_id` int(11) NOT NULL AUTO_INCREMENT, AUTO_INCREMENT=3;ALTER TABLE `mst_user_role`  MODIFY `Role_Id` bigint(20) NOT NULL AUTO_INCREMENT, AUTO_INCREMENT=30;ALTER TABLE `tbl_change_log`  MODIFY `log_id` int(11) NOT NULL AUTO_INCREMENT, AUTO_INCREMENT=2;ALTER TABLE `tbl_menu_type`  MODIFY `id` int(11) NOT NULL AUTO_INCREMENT, AUTO_INCREMENT=7;ALTER TABLE `tbl_role_menu`  MODIFY `menu_role_id` int(11) NOT NULL AUTO_INCREMENT, AUTO_INCREMENT=3;